0.5000	4	relu	IMDB-BINARY	76.7889	1.5693	72.0000	5.0596
0.0000	1	relu	MUTAG	96.8079	1.5027	87.1930	3.7486
0.0000	1	relu	IMDB-BINARY	71.5333	7.2040	69.6000	7.2691
0.0000	1	relu	IMDB-MULTI	48.9333	0.6935	47.2667	3.7411
0.0000	1	relu	NCI1	84.0876	1.4283	74.7689	1.6396
0.0000	1	relu	Mutagenicity	81.5719	3.0544	74.4305	2.8603
0.0000	1	relu	PROTEINS	80.0738	2.9050	74.8431	4.5863
0.0000	2	relu	MUTAG	97.7536	1.4450	86.0526	7.8872
0.0000	2	relu	IMDB-BINARY	75.8000	1.2657	70.8000	4.7707
0.0000	2	relu	IMDB-MULTI	49.8222	0.7855	48.0000	3.4769
0.0000	2	relu	NCI1	89.3485	1.9900	75.2311	1.5798
0.0000	2	relu	Mutagenicity	87.8537	2.9424	76.5747	2.5436
0.0000	2	relu	PROTEINS	89.4579	4.4066	70.7103	4.1997
0.0000	4	relu	MUTAG	97.9325	1.2979	85.0877	6.2288
0.0000	4	relu	IMDB-BINARY	75.3889	1.3130	72.2000	2.6000
0.0000	4	relu	NCI1	95.0311	0.5642	76.9830	2.1631
0.0000	4	relu	IMDB-MULTI	49.8370	1.0718	47.6667	2.9098
0.0000	4	relu	Mutagenicity	90.1904	2.8185	77.9791	1.3830
0.0000	4	relu	PROTEINS	94.6594	2.4448	70.2582	4.3530
0.0000	8	relu	MUTAG	97.9896	0.9626	85.1170	3.9108
0.0000	8	relu	IMDB-BINARY	76.4889	2.4334	70.2000	5.5462
0.0000	8	relu	IMDB-MULTI	49.8000	1.2068	47.3333	2.8284
0.0000	8	relu	NCI1	96.3287	0.7925	77.5912	2.4463
0.0000	8	relu	Mutagenicity	88.3532	6.2222	77.6572	2.4146
0.0000	8	relu	PROTEINS	93.9200	3.5164	67.0117	4.4473
0.1000	1	relu	MUTAG	93.9725	1.5571	83.4503	6.1781
0.1000	1	relu	IMDB-BINARY	75.9889	1.3567	72.0000	3.0332
0.1000	1	relu	NCI1	80.2730	1.4222	74.6472	0.9720
0.1000	1	relu	IMDB-MULTI	49.5926	0.8519	47.4667	3.8736
0.1000	1	relu	Mutagenicity	79.0127	1.7713	74.9590	2.6736
0.1000	1	relu	PROTEINS	81.9999	2.5586	72.9553	2.5651
0.1000	2	relu	MUTAG	96.6909	1.2720	82.4854	6.1701
0.1000	2	relu	NCI1	86.3558	0.8803	76.3504	1.4712
0.1000	2	relu	IMDB-BINARY	75.6222	0.5169	70.3000	3.9256
0.1000	2	relu	Mutagenicity	84.1800	1.8247	78.0030	1.1579
0.1000	2	relu	IMDB-MULTI	50.0444	0.9025	48.1333	3.1665
0.1000	2	relu	PROTEINS	88.2398	2.7212	70.7915	3.4377
0.1000	4	relu	MUTAG	98.5221	0.8053	86.6959	5.9051
0.1000	4	relu	NCI1	92.0222	0.7044	77.3966	1.7560
0.1000	4	relu	IMDB-BINARY	76.0889	1.6283	70.1000	3.6455
0.1000	4	relu	Mutagenicity	87.2493	3.3317	76.9188	1.6685
0.1000	4	relu	IMDB-MULTI	49.8963	1.0705	47.2667	3.1191
0.1000	4	relu	PROTEINS	94.8386	0.9627	69.2761	4.6204
0.1000	8	relu	MUTAG	97.9906	0.9612	85.0877	6.1778
0.1000	8	relu	NCI1	95.6042	0.5686	77.2993	1.9798
0.1000	8	relu	IMDB-BINARY	75.8333	1.6279	72.5000	2.4597
0.1000	8	relu	IMDB-MULTI	49.7704	1.2268	46.6000	3.7647
0.5000	1	relu	NCI1	76.4774	1.7376	73.1144	1.9258
0.1000	8	relu	Mutagenicity	90.0930	2.3587	78.5563	1.2127
0.1000	8	relu	PROTEINS	93.4918	4.2478	70.2662	2.9081
0.5000	1	relu	MUTAG	90.7804	0.6546	85.1170	2.0528
0.5000	1	relu	IMDB-BINARY	75.1222	1.2712	69.0000	3.2558
0.5000	1	relu	IMDB-MULTI	49.5259	0.5672	47.0000	2.1756
0.5000	2	relu	NCI1	82.0600	0.6565	75.3528	1.8785
0.5000	1	relu	Mutagenicity	74.6342	1.9133	72.0326	3.4083
0.5000	1	relu	PROTEINS	79.7542	1.6507	74.7523	2.9084
0.5000	2	relu	MUTAG	93.4974	2.0345	80.3509	6.6379
0.5000	2	relu	IMDB-BINARY	75.3778	1.2194	71.4000	3.7470
0.5000	2	relu	Mutagenicity	79.9067	0.8062	76.4810	1.6075
0.5000	4	relu	NCI1	86.3368	1.4891	77.7616	1.9102
0.5000	2	relu	IMDB-MULTI	49.3481	0.9077	46.7333	4.2942
0.5000	2	relu	PROTEINS	83.0987	1.7315	74.2109	3.8619
0.5000	4	relu	MUTAG	96.2778	1.5851	85.6140	5.4118
0.5000	4	relu	IMDB-BINARY	76.0111	1.4129	70.5000	4.4328
0.5000	4	relu	Mutagenicity	84.1852	1.8173	77.4050	2.2009
0.5000	4	relu	IMDB-MULTI	49.2815	0.8594	47.5333	3.5030
0.5000	8	relu	NCI1	91.7464	1.3377	77.7372	2.1850
0.5000	4	relu	PROTEINS	89.1381	2.0464	68.9961	4.2933
0.5000	8	relu	MUTAG	97.4577	1.4274	86.7251	5.8365
0.5000	8	relu	IMDB-BINARY	75.8778	1.7829	69.2000	3.6551
0.9000	1	relu	NCI1	72.2006	1.1625	69.7567	1.8046
0.5000	8	relu	IMDB-MULTI	49.3630	0.7364	47.3333	3.6025
0.5000	8	relu	Mutagenicity	88.6582	1.6204	79.0637	1.5631
0.5000	8	relu	PROTEINS	89.8278	4.8515	70.7111	4.4727
0.9000	1	relu	MUTAG	87.7654	2.0184	77.6901	5.0409
0.9000	2	relu	NCI1	75.3798	0.8581	72.2871	1.8222
0.9000	1	relu	IMDB-BINARY	70.5556	0.8315	66.2000	4.1425
0.9000	1	relu	IMDB-MULTI	46.2815	0.5878	44.5333	3.1665
0.9000	1	relu	Mutagenicity	72.6488	1.1739	70.5099	1.7694
0.9000	1	relu	PROTEINS	78.2172	0.6583	77.1782	3.9220
0.9000	2	relu	MUTAG	90.1291	0.6628	85.1170	3.9108
0.9000	4	relu	NCI1	79.0430	1.3039	73.8443	2.0012
0.9000	2	relu	IMDB-BINARY	73.7778	1.8941	69.4000	3.9038
0.9000	2	relu	Mutagenicity	74.4549	0.8756	72.6311	2.0664
0.9000	2	relu	IMDB-MULTI	48.7333	0.8749	47.2667	3.5459
0.9000	2	relu	PROTEINS	78.5265	0.9275	74.9373	3.9571
0.9000	4	relu	MUTAG	90.8395	0.7561	86.1988	2.4422
0.9000	4	relu	IMDB-BINARY	75.2556	1.1211	72.9000	4.3920
0.9000	8	relu	NCI1	84.0714	1.7546	77.5669	2.1565
0.9000	4	relu	Mutagenicity	78.6386	1.3405	75.8821	2.3677
0.9000	4	relu	IMDB-MULTI	49.0222	1.3167	46.2667	2.9545
0.9000	4	relu	PROTEINS	81.2621	1.3457	74.7490	4.0795
0.9000	8	relu	MUTAG	91.7264	1.8678	85.0585	4.1649
0.9000	8	relu	IMDB-BINARY	73.8333	2.0296	71.2000	3.3106
0.9000	8	relu	IMDB-MULTI	49.1926	0.7291	47.6667	3.1305
0.9000	8	relu	Mutagenicity	81.1953	2.1361	76.3901	2.3648
0.9000	8	relu	PROTEINS	84.1668	1.1934	74.0331	4.2368

+x:
0.0000	1	relu	PROTEINS	79.9938	2.7082	74.9324	3.5139
0.0000	1	relu	MUTAG	96.6899	1.9486	82.3684	5.1183
0.0000	1	relu	Mutagenicity	82.2970	3.4453	75.1443	2.6152
0.0000	1	relu	NCI1	83.9065	1.8437	74.1119	2.9743
0.0000	1	relu	IMDB-BINARY	73.8222	0.8738	70.6000	2.8000
0.0000	2	relu	PROTEINS	83.9873	2.0962	72.0536	3.4536
0.0000	2	relu	MUTAG	98.1667	0.8964	85.7018	6.6090
0.0000	2	relu	Mutagenicity	88.5507	2.1244	77.1283	2.4502
0.0000	2	relu	NCI1	89.6269	1.7588	76.0827	2.9239
0.0000	2	relu	IMDB-BINARY	74.6556	0.9060	71.6000	4.4317
0.0000	4	relu	NCI1	93.9389	2.3525	76.1800	1.9539
0.0000	4	relu	Mutagenicity	91.4073	2.0836	78.4651	1.9127
0.0000	4	relu	PROTEINS	87.6108	2.9432	72.9553	3.8445
0.0000	4	relu	MUTAG	98.6408	0.7022	81.4035	6.7012
0.0000	4	relu	IMDB-BINARY	75.4667	1.5704	70.6000	4.3863
0.0000	8	relu	PROTEINS	87.3121	6.3156	72.0600	5.7146
0.0000	8	relu	MUTAG	98.4636	0.8446	82.4269	4.2017
0.0000	8	relu	NCI1	96.4288	0.9043	76.8856	2.8165
0.0000	8	relu	Mutagenicity	92.5448	2.3234	78.5107	1.5179
0.0000	8	relu	IMDB-BINARY	75.9444	2.3229	70.6000	4.7159
0.1000	1	relu	NCI1	81.6085	1.3295	73.4307	1.7301
0.1000	1	relu	PROTEINS	78.8860	1.8615	75.2920	3.1345
0.1000	1	relu	Mutagenicity	79.3329	3.2958	73.5302	2.7169
0.1000	1	relu	MUTAG	94.6805	1.1542	84.0058	6.7620
0.1000	1	relu	IMDB-BINARY	73.4222	1.1470	70.1000	4.6573
0.1000	2	relu	NCI1	86.7099	1.6383	76.4234	1.9418
0.1000	2	relu	Mutagenicity	85.7299	1.6839	76.1828	2.3867
0.1000	2	relu	PROTEINS	83.0389	1.8519	72.6858	2.7696
0.1000	2	relu	MUTAG	98.0498	0.5940	79.7076	5.0088
0.1000	4	relu	NCI1	92.2574	1.3790	77.2506	2.0218
0.1000	2	relu	IMDB-BINARY	74.7778	1.1033	71.7000	5.0210
0.1000	4	relu	Mutagenicity	90.3057	1.5248	78.0955	1.3152
0.1000	4	relu	PROTEINS	85.5540	3.7342	73.1282	4.9586
0.1000	4	relu	MUTAG	98.7003	0.6351	81.3743	5.5387
0.1000	4	relu	IMDB-BINARY	76.0333	2.0988	70.8000	3.2496
0.1000	8	relu	NCI1	95.4096	0.6740	77.7616	2.8148
0.1000	8	relu	Mutagenicity	92.8086	0.9230	78.3258	1.6160
0.1000	8	relu	PROTEINS	90.9561	3.8146	71.1575	2.7569
0.1000	8	relu	MUTAG	98.0487	1.2713	82.3684	7.7096
0.5000	1	relu	NCI1	77.1938	0.3519	71.9221	1.1526
0.1000	8	relu	IMDB-BINARY	75.3222	1.3846	72.0000	4.0497
0.5000	1	relu	Mutagenicity	76.0946	1.5060	71.4788	2.2673
0.5000	1	relu	PROTEINS	78.3270	0.8837	75.7408	2.2409
0.5000	2	relu	NCI1	81.4707	1.2257	75.0122	2.3160
0.5000	1	relu	MUTAG	91.6666	0.7211	86.1696	4.8331
0.5000	1	relu	IMDB-BINARY	73.1333	1.1491	70.7000	4.5177
0.5000	2	relu	Mutagenicity	81.1749	2.0816	75.5827	1.3128
0.5000	4	relu	NCI1	88.3482	0.9212	75.9854	2.7138
0.5000	2	relu	PROTEINS	80.3638	1.4012	74.1216	3.7263
0.5000	2	relu	MUTAG	93.9119	1.1577	85.6433	3.3605
0.5000	2	relu	IMDB-BINARY	73.7556	0.7316	70.4000	4.5211
0.5000	4	relu	Mutagenicity	86.1143	2.1097	77.6112	2.0806
0.5000	4	relu	PROTEINS	83.3483	1.5690	73.4990	3.6824
0.5000	4	relu	MUTAG	97.1622	1.1790	84.0058	5.3948
0.5000	8	relu	NCI1	92.7521	1.0344	77.6399	1.5173
0.5000	4	relu	IMDB-BINARY	75.9000	1.3721	72.0000	3.4351
0.5000	8	relu	Mutagenicity	89.2911	1.4894	78.4646	2.0686
0.9000	1	relu	NCI1	73.6280	0.6316	69.3431	1.9975
0.5000	8	relu	PROTEINS	86.1928	4.1866	71.6940	4.4719
0.5000	8	relu	MUTAG	97.1636	1.1761	84.5614	5.5798
0.9000	1	relu	Mutagenicity	74.6907	0.6466	71.1101	1.7013
0.5000	8	relu	IMDB-BINARY	76.2333	1.0405	69.0000	5.1186
0.9000	2	relu	NCI1	75.6880	0.6817	72.2871	2.2497
0.9000	1	relu	PROTEINS	77.2090	1.1136	76.1897	3.0701
0.9000	1	relu	MUTAG	88.8890	1.0164	83.5088	5.4893
0.9000	2	relu	Mutagenicity	76.5917	1.7307	72.1470	2.1506
0.9000	1	relu	IMDB-BINARY	69.3667	0.8044	66.4000	3.0067
0.9000	4	relu	NCI1	80.0243	1.0912	75.0852	1.7108
0.9000	2	relu	PROTEINS	77.9077	0.9616	76.1012	3.0771
0.9000	2	relu	MUTAG	90.8984	0.4723	86.2281	5.2898
0.9000	4	relu	Mutagenicity	80.4576	1.1774	74.5912	1.7773
0.9000	2	relu	IMDB-BINARY	73.1111	0.4067	70.3000	4.5398
0.9000	8	relu	NCI1	86.9776	1.2537	77.4209	1.9090
0.9000	4	relu	PROTEINS	79.0555	1.1099	74.6622	2.8100
0.9000	4	relu	MUTAG	91.8451	1.4850	84.5906	4.3292
0.9000	4	relu	IMDB-BINARY	74.1778	0.9651	70.4000	4.3174
0.9000	8	relu	Mutagenicity	83.8700	2.2860	77.2653	1.9698
0.9000	8	relu	PROTEINS	80.4534	2.0448	74.6646	3.2487
0.9000	8	relu	MUTAG	93.3808	1.4191	85.5848	4.9484
0.9000	8	relu	IMDB-BINARY	74.1556	2.0094	68.6000	5.7827

linear:
0.0000	1	none	PROTEINS	82.8994	0.9976	73.4958	4.5566
0.0000	1	none	MUTAG	96.0407	2.0318	85.0877	4.0006
0.0000	1	none	IMDB-BINARY	73.1111	1.1988	69.4000	4.8415
0.0000	1	none	NCI1	81.8897	0.8939	74.5985	2.4578
0.0000	2	none	PROTEINS	86.9022	3.5164	70.7143	4.6611
0.0000	1	none	Mutagenicity	79.8324	2.2486	75.6053	1.6394
0.0000	2	none	MUTAG	96.9840	2.1420	82.9825	3.9072
0.0000	2	none	NCI1	87.6859	1.3980	77.2506	2.6413
0.0000	2	none	IMDB-BINARY	73.7778	1.7313	71.6000	2.4980
0.0000	4	none	NCI1	93.5415	1.3218	77.5426	1.8973
0.0000	4	none	PROTEINS	89.0685	4.1036	71.5219	3.1343
0.0000	4	none	MUTAG	97.3996	1.0314	82.9532	5.3694
0.0000	2	none	Mutagenicity	83.2884	3.0264	77.3814	1.8544
0.0000	4	none	IMDB-BINARY	73.8000	0.8858	70.8000	4.4452
0.0000	8	none	NCI1	95.9503	0.7030	77.9562	3.0001
0.0000	8	none	PROTEINS	91.2947	1.8959	70.3483	3.0327
0.0000	8	none	MUTAG	97.7532	1.4454	82.9240	5.9122
0.0000	4	none	Mutagenicity	85.5225	2.5698	77.1042	2.0045
0.1000	1	none	NCI1	80.1595	0.6133	74.0876	2.7012
0.0000	8	none	IMDB-BINARY	73.4556	1.6005	70.2000	4.2615
0.1000	1	none	PROTEINS	82.3603	1.4949	73.8562	3.4158
0.1000	2	none	NCI1	84.6283	0.8094	76.9100	1.8829
0.1000	1	none	MUTAG	94.3857	1.5004	83.5088	3.6758
0.1000	1	none	IMDB-BINARY	73.2333	0.9368	70.5000	4.0559
0.0000	8	none	Mutagenicity	89.1733	1.9198	78.3030	1.8508
0.1000	4	none	NCI1	90.8327	0.7681	77.1776	1.7335
0.1000	2	none	PROTEINS	86.2431	2.0514	72.1517	6.0260
0.1000	2	none	MUTAG	95.0338	1.8213	85.6140	4.8731
0.1000	8	none	NCI1	94.8581	0.5530	77.4696	2.5800
0.1000	2	none	IMDB-BINARY	72.5333	1.3294	72.2000	3.6000
0.1000	1	none	Mutagenicity	79.2458	1.5992	74.3370	2.0469
0.1000	4	none	PROTEINS	82.2604	2.4193	72.7791	3.6445
0.5000	1	none	NCI1	74.6094	0.7670	70.7056	2.3720
0.1000	4	none	MUTAG	95.5663	1.6349	84.0058	5.8859
0.5000	4	relu	IMDB-BINARY	74.7667	1.5622	72.1000	3.2078
0.1000	4	none	IMDB-BINARY	72.2889	1.5123	68.8000	4.7286
0.1000	2	none	Mutagenicity	85.9733	4.1283	76.6899	1.4922
0.5000	2	none	NCI1	77.4426	1.7860	75.4258	2.6047
0.1000	8	none	PROTEINS	87.3106	4.3697	72.0552	5.3125
0.1000	8	none	MUTAG	97.3982	1.0992	82.4269	6.7346
0.5000	4	relu	NCI1	92.8548	0.9469	78.0049	2.3595
0.1000	8	none	IMDB-BINARY	73.0667	1.5652	71.3000	4.6701
0.5000	4	none	NCI1	89.0160	0.8054	77.0073	2.2227
0.1000	4	none	Mutagenicity	85.6224	3.3588	78.3732	2.7948
0.5000	1	none	PROTEINS	79.3551	1.1657	75.7368	4.1010
0.5000	1	none	MUTAG	90.9575	0.5304	87.1930	5.0132
0.5000	8	none	NCI1	93.8929	0.4768	78.1022	2.8603
0.5000	1	none	IMDB-BINARY	71.4889	1.6757	70.5000	4.4777
0.1000	8	none	Mutagenicity	87.6643	2.9407	77.8646	1.8672
0.9000	1	none	NCI1	71.5842	0.3522	68.4915	1.1631
0.5000	2	none	PROTEINS	81.8205	1.6627	74.2149	2.2255
0.5000	2	none	MUTAG	92.5538	0.5331	86.1404	4.3117
0.5000	1	none	Mutagenicity	77.1500	1.4903	74.1768	2.3271
0.5000	2	none	IMDB-BINARY	72.1111	1.6652	69.5000	4.0804
0.9000	2	none	NCI1	74.6094	0.5799	70.5109	2.3585
0.5000	2	none	Mutagenicity	79.8632	0.9609	75.7218	2.3072
0.5000	4	none	PROTEINS	85.0054	3.6760	72.4107	5.6155
0.5000	4	none	MUTAG	94.3850	1.2494	84.5029	5.2518
0.9000	4	none	NCI1	79.5350	0.9253	74.5012	1.9939
0.5000	4	none	IMDB-BINARY	72.6778	1.2971	70.5000	5.6789
0.5000	4	none	Mutagenicity	82.7582	1.9106	77.0578	1.2049
0.9000	8	none	NCI1	85.5285	1.0205	76.3504	2.1206
0.5000	8	none	PROTEINS	86.8824	3.7292	72.0600	5.3461
0.5000	8	none	MUTAG	95.5684	1.5674	86.1404	6.4330
0.5000	8	none	IMDB-BINARY	72.5000	1.8792	69.7000	4.0012
0.5000	8	none	Mutagenicity	85.0690	3.2645	77.9341	1.6013
0.9000	1	none	PROTEINS	77.9075	0.6059	75.8341	4.6458
0.9000	1	none	MUTAG	88.0014	1.6365	80.9064	10.2431
0.9000	1	none	Mutagenicity	75.6078	0.5726	72.5635	2.1925
0.9000	1	none	IMDB-BINARY	67.5222	1.6087	64.5000	4.8631
0.9000	2	none	PROTEINS	78.6864	1.0846	75.2904	3.3539
0.9000	2	none	Mutagenicity	75.8819	0.9346	72.8392	2.0814
0.9000	2	none	MUTAG	90.4863	0.9517	81.9006	5.0075
0.9000	2	none	IMDB-BINARY	71.5222	1.6125	68.8000	3.7895
0.9000	4	none	Mutagenicity	77.5960	1.5638	74.6603	2.4252
0.9000	4	none	PROTEINS	80.1434	1.6656	75.0201	2.3168
0.9000	4	none	MUTAG	91.7261	0.5868	86.6667	6.0254
0.9000	4	none	IMDB-BINARY	71.7556	2.4559	69.6000	5.2953
0.9000	8	none	Mutagenicity	79.9812	2.4622	75.9051	2.3772

set2set:
0.0000	1	none	PROTEINS	79.2348	1.5969	74.3903	3.1204
0.0000	1	none	MUTAG	90.8395	5.7012	89.3860	4.6785
0.0000	1	none	IMDB-BINARY	73.8333	0.8244	70.9000	4.8052
0.1000	8	none	Mutagenicity	87.3032	4.5202	78.3941	2.2210
0.0000	8	none	Mutagenicity	88.6994	3.2754	79.4799	1.8852
0.5000	8	none	Mutagenicity	82.0767	1.2130	77.4277	1.3399
0.1000	8	none	Mutagenicity	82.9324	1.8501	78.2342	2.0476
0.0000	8	none	NCI1	96.3585	0.5209	78.7105	1.5204
0.0000	8	none	PROTEINS	82.8282	4.2763	72.5048	4.5473
0.0000	8	none	MUTAG	97.6947	2.4464	85.1462	7.6749
0.0000	8	none	IMDB-BINARY	73.1444	1.2669	69.9000	5.7000
0.0000	8	none	NCI1	96.3152	0.6080	78.8564	1.7861
0.0000	8	none	Mutagenicity	86.8701	3.8110	78.8333	2.1536
0.0000	8	none	PROTEINS	81.5907	4.5486	74.4844	4.5331
0.0000	8	none	MUTAG	98.1674	0.6186	86.6374	6.1945
0.0000	8	none	IMDB-BINARY	73.2556	1.3389	72.1000	4.7843
0.0000	8	none	NCI1	96.3179	0.6409	78.8564	1.4778
0.0000	8	none	Mutagenicity	86.9470	3.5138	79.3864	1.7674
0.0000	12	none	PROTEINS	79.3756	3.0165	75.5623	3.6984
0.0000	12	none	MUTAG	98.2868	0.9313	86.6667	7.6048
0.0000	12	none	NCI1	95.6961	0.8452	79.7567	2.1234
0.0000	12	none	IMDB-BINARY	73.1333	0.6644	70.3000	4.7550
0.0000	12	none	Mutagenicity	85.4481	3.6091	78.6268	1.6006
0.0000	16	none	PROTEINS	78.8958	2.4208	75.3805	3.0697
0.0000	16	none	MUTAG	98.0491	1.9815	88.8012	5.5725
0.0000	16	none	NCI1	94.6229	1.3457	78.6131	2.4048
0.0000	16	none	Mutagenicity	83.7931	3.7400	77.9349	2.4677
0.0000	16	none	IMDB-BINARY	72.4000	2.6644	69.3000	4.1964
0.1000	8	none	NCI1	95.1527	0.5320	79.0754	1.6176
0.1000	8	none	PROTEINS	82.3300	4.2792	75.2968	5.2147
0.1000	8	none	MUTAG	98.7591	0.6169	86.1404	4.3117
0.1000	8	none	Mutagenicity	86.8573	3.2792	79.0174	1.9865
0.1000	8	none	IMDB-BINARY	73.7333	0.9016	71.8000	3.8936
0.1000	12	none	NCI1	94.8932	0.9383	79.5620	1.8909
0.1000	12	none	PROTEINS	82.2993	2.8819	73.5843	3.8229
0.1000	12	none	MUTAG	97.1023	2.9529	86.1696	4.8331
0.1000	12	none	Mutagenicity	86.4781	3.4212	78.3493	2.0396
0.1000	16	none	NCI1	93.6496	1.0242	78.6861	2.9604
0.1000	12	none	IMDB-BINARY	73.8111	0.7167	71.5000	6.0208
0.1000	16	none	PROTEINS	79.5741	3.3284	74.1248	2.9953
0.1000	16	none	Mutagenicity	84.1775	3.9592	78.0040	2.3600
0.1000	16	none	MUTAG	97.3401	2.3707	86.1404	8.2736
0.5000	8	none	NCI1	92.7926	0.3069	79.1241	2.2897
0.1000	16	none	IMDB-BINARY	71.8333	2.4380	71.4000	4.3405
0.5000	8	none	Mutagenicity	85.4533	2.5355	77.9801	1.2398
0.5000	12	none	NCI1	92.7521	0.8074	78.9294	2.1903
0.5000	8	none	PROTEINS	81.2122	2.5213	74.7506	3.2744
0.5000	8	none	MUTAG	96.6881	2.6632	83.4211	7.5278
0.5000	8	none	IMDB-BINARY	72.4889	1.7591	70.4000	4.6733
0.5000	16	none	NCI1	91.8302	0.9779	78.9781	2.7873
0.5000	12	none	Mutagenicity	84.3568	2.6345	78.1651	1.8328
0.5000	12	none	PROTEINS	81.3217	2.3022	73.0413	4.4522
0.5000	12	none	MUTAG	98.0512	1.1799	85.0585	4.7840
0.9000	8	none	NCI1	88.6672	0.3848	77.5669	2.3459
0.5000	12	none	IMDB-BINARY	72.1778	2.3712	70.6000	5.3141
0.5000	16	none	Mutagenicity	83.2834	2.9457	78.2339	2.1317
0.5000	16	none	PROTEINS	80.5531	2.8337	74.7531	2.6104
0.5000	16	none	MUTAG	97.2816	0.7089	85.6140	4.8078
0.9000	12	none	NCI1	89.3620	0.6044	77.9562	2.3993
0.5000	16	none	IMDB-BINARY	72.9778	1.2057	70.3000	5.1000
0.9000	8	none	Mutagenicity	83.4397	2.0286	76.8739	1.9287
0.9000	16	none	NCI1	88.8808	0.7988	77.0073	2.4337
0.9000	8	none	PROTEINS	80.6630	2.4120	74.9332	2.7904
0.9000	8	none	MUTAG	95.8611	2.4272	81.3743	4.2815
0.9000	12	none	Mutagenicity	84.1929	1.7881	77.5886	1.6844
0.9000	8	none	IMDB-BINARY	72.5444	1.4542	69.9000	3.8846
0.9000	12	none	PROTEINS	80.2738	2.6029	74.3991	2.8839
0.9000	12	none	MUTAG	95.3902	1.4185	84.5906	8.2827
0.9000	16	none	Mutagenicity	81.9922	2.9232	75.6512	2.8757
0.9000	12	none	IMDB-BINARY	72.5889	1.6851	70.7000	4.3139
0.9000	16	none	PROTEINS	79.8043	1.6294	74.6622	4.2050
0.9000	16	none	MUTAG	96.2186	1.7138	85.1170	3.1232
0.9000	16	none	IMDB-BINARY	72.9000	1.1868	70.8000	3.7895

top six is with position encoding:
0.0000	1	none	PROTEINS	82.9490	3.3821	74.6654	2.8124
0.0000	1	none	MUTAG	97.2214	1.1257	84.0058	6.7620
0.0000	1	none	IMDB-BINARY	72.6778	0.9329	71.5000	3.6401
0.0000	1	none	NCI1	87.9021	0.8343	77.2506	2.6592
0.0000	4	relu	NCI1	97.2398	0.2560	79.2944	2.0224
0.0000	1	none	Mutagenicity	84.6079	1.2477	77.7969	1.6213
0.0000	4	none	PROTEINS	87.6618	5.4676	71.7913	4.2792
0.0000	4	none	MUTAG	98.7003	0.6351	85.6140	4.2670
0.0000	4	none	NCI1	97.0803	0.3732	79.7810	1.5056
0.0000	4	none	Mutagenicity	90.3416	2.3290	79.3174	1.4764
0.0000	4	none	IMDB-BINARY	73.8111	0.7747	70.6000	4.8621
0.0000	8	none	NCI1	97.3074	0.2813	78.9051	2.4038
0.0000	8	none	PROTEINS	85.1841	4.6233	74.4804	5.1332
0.0000	8	none	MUTAG	98.4038	0.9566	85.5556	5.0850
0.0000	8	none	Mutagenicity	89.5960	1.8452	79.0642	1.4986
0.0000	8	none	IMDB-BINARY	73.5333	1.2879	72.1000	5.8728
0.0000	16	none	NCI1	96.6045	0.5104	79.6107	1.9790
0.0000	16	none	PROTEINS	82.2600	3.3726	75.7400	5.0970
0.0000	16	none	MUTAG	98.4045	0.5934	84.5614	5.5228
0.0000	16	none	Mutagenicity	87.1725	4.0926	78.3948	1.6836
0.0000	16	none	IMDB-BINARY	73.2444	0.4656	71.4000	3.9038
0.5000	1	none	NCI1	79.6134	0.6187	74.8662	2.2380
0.5000	1	none	Mutagenicity	79.3585	0.7931	75.1905	2.1172
0.5000	1	none	PROTEINS	79.8243	1.2870	75.0241	3.2939
0.5000	1	none	MUTAG	91.5475	0.8469	87.7193	4.2794
0.5000	4	none	NCI1	92.0303	0.7940	78.4915	1.6036
0.5000	1	none	IMDB-BINARY	72.5222	1.4733	69.7000	3.5228
0.5000	4	none	Mutagenicity	87.4695	0.8901	78.5796	1.3394
0.5000	4	none	PROTEINS	84.8963	3.3325	74.0372	2.6083
0.5000	8	none	NCI1	94.2309	0.6523	78.7591	1.8177
0.5000	4	none	MUTAG	97.4581	1.3771	86.6667	6.4197
0.5000	4	none	IMDB-BINARY	73.9667	0.7081	71.2000	4.9153
0.5000	8	none	Mutagenicity	88.0410	2.2354	78.6722	1.6562
0.5000	16	none	NCI1	94.7283	0.8930	79.1241	1.7840
0.5000	8	none	PROTEINS	83.6779	3.0317	74.7531	3.2468
0.5000	8	none	MUTAG	97.6349	0.9556	85.6140	7.5071
0.5000	8	none	IMDB-BINARY	73.5556	0.5488	71.1000	4.1581
0.5000	16	none	Mutagenicity	87.3491	2.2807	78.5565	1.6509
0.5000	16	none	PROTEINS	81.8315	3.0789	74.7523	2.6454
0.5000	16	none	MUTAG	95.2691	2.1033	86.1404	4.3117
0.5000	16	none	IMDB-BINARY	73.4222	0.9504	71.8000	3.8419

0.0000	1	relu	PROTEINS	84.1567	3.0268	74.2109	2.6687
0.0000	1	relu	MUTAG	97.7546	1.1455	80.8187	5.9626
0.0000	4	relu	NCI1	97.2668	0.3858	79.3431	2.5529
0.0000	1	relu	IMDB-BINARY	72.4556	1.7711	70.0000	3.7417
0.0000	1	relu	NCI1	94.2849	0.6706	77.4939	1.4850
0.0000	1	relu	Mutagenicity	89.8726	2.7051	77.3349	1.7778
0.0000	2	relu	PROTEINS	92.1234	2.2545	69.7217	4.5550
0.0000	2	relu	MUTAG	97.6352	0.7501	83.4503	4.6420
0.0000	2	relu	NCI1	96.7234	0.6062	77.4939	1.8442
0.0000	2	relu	Mutagenicity	94.5738	1.6452	77.6580	1.6724
0.0000	2	relu	IMDB-BINARY	72.4667	1.4922	71.1000	3.4191
0.0000	4	relu	PROTEINS	95.0884	0.9665	67.6520	3.4141
0.0000	4	relu	NCI1	97.4669	0.1972	78.6375	2.2845
0.0000	4	relu	MUTAG	98.2266	0.9171	84.0058	7.8959
0.0000	4	relu	Mutagenicity	95.4808	0.4801	77.9800	1.4247
0.0000	4	relu	IMDB-BINARY	71.8444	2.6834	70.4000	4.6947
0.0000	8	relu	NCI1	97.2290	0.3717	78.6618	2.1016
0.0000	8	relu	Mutagenicity	94.8916	1.8397	77.9804	1.6341
0.0000	8	relu	PROTEINS	95.3074	2.1840	68.1894	4.3788
0.0000	8	relu	MUTAG	98.4038	0.6511	83.5088	5.5466
0.0000	8	relu	IMDB-BINARY	73.0111	0.6135	70.5000	4.2953
0.0000	12	relu	NCI1	97.2209	0.2714	78.9294	2.7660
0.0000	12	relu	PROTEINS	92.4930	5.3518	70.3499	2.4860
0.0000	12	relu	Mutagenicity	94.4509	1.5066	77.1035	1.3683
0.0000	12	relu	MUTAG	98.1674	0.7688	81.3158	5.6825
0.0000	12	relu	IMDB-BINARY	69.3222	4.9380	69.4000	4.9639
0.0000	16	relu	NCI1	96.9830	0.5900	77.2263	2.8085
0.0000	16	relu	PROTEINS	94.1797	1.4867	70.7971	4.8676
0.0000	16	relu	MUTAG	98.2854	0.7227	83.4795	9.0834
0.0000	16	relu	Mutagenicity	94.2945	1.3166	77.5420	1.4125
0.0000	1	none	NCI1	92.9927	1.4957	76.2287	2.3890
0.0000	16	relu	IMDB-BINARY	63.9333	7.8996	60.9000	7.6740
0.0000	1	none	Mutagenicity	87.9793	3.2306	77.5656	1.3632
0.0000	1	none	PROTEINS	80.1342	2.8023	73.7637	3.9466
0.0000	2	none	NCI1	95.9070	0.6473	78.2238	3.0433
0.0000	1	none	MUTAG	95.9227	3.1092	82.9532	6.3175
0.0000	1	none	IMDB-BINARY	64.8667	2.0469	63.6000	5.3329
0.0000	2	none	Mutagenicity	89.8498	3.8770	77.7261	1.2103
0.0000	4	none	NCI1	96.8343	0.3747	77.3723	1.7579
0.0000	2	none	PROTEINS	89.6972	2.1876	70.2574	4.0540
0.0000	2	none	MUTAG	97.3387	2.2964	80.8480	4.2236
0.0000	4	none	Mutagenicity	90.8512	2.7777	78.3036	2.0223
0.0000	2	none	IMDB-BINARY	64.6778	2.1444	63.9000	5.9237
0.0000	8	none	NCI1	97.0100	0.3153	78.0292	1.9887
0.0000	4	none	PROTEINS	92.5723	2.0669	69.9903	3.5784
0.0000	4	none	MUTAG	98.1079	0.7404	81.3450	6.2134
0.0000	8	none	Mutagenicity	90.4081	3.5206	77.5191	1.3563
0.0000	12	none	NCI1	96.6423	0.5381	78.7348	2.2464
0.0000	4	none	IMDB-BINARY	65.1333	1.4996	64.3000	4.8590
0.0000	12	none	Mutagenicity	89.4655	3.4768	77.6802	1.6872
0.0000	8	none	PROTEINS	90.9038	5.2269	70.3467	3.7760
0.0000	8	none	MUTAG	98.0484	1.0611	83.0117	4.6351
0.0000	16	none	NCI1	96.3639	0.5195	78.s	1.7425
0.0000	8	none	IMDB-BINARY	65.2667	2.6621	65.3000	4.2438
0.0000	16	none	Mutagenicity	88.7379	4.1706	77.4966	2.4728
0.0000	12	none	PROTEINS	89.5382	4.3444	71.9747	4.5864
0.0000	12	none	MUTAG	97.4574	1.6542	84.0351	7.6194
0.0000	12	none	IMDB-BINARY	64.2111	2.1736	62.4000	3.0725
0.0000	16	none	PROTEINS	90.6858	2.5518	71.0690	3.6080
0.0000	16	none	MUTAG	98.1076	1.2363	85.0877	7.1956
0.0000	16	none	IMDB-BINARY	65.0778	1.5643	65.6000	5.4626
0.0000	4	relu	MUTAG	98.0494	1.0266	82.9825	6.1178
0.0000	4	relu	MUTAG	98.1678	0.3191	88.7719	5.1419
0.0000	1	none	MUTAG	96.4514	4.9655	87.2515	6.2810
0.0000	1	none	MUTAG	96.9276	2.1097	86.6959	8.3292

64	1	0.0000	PROTEINS	93.2713	1.7302	72.2346	3.2775
64	1	0.0000	MUTAG	95.3296	2.3895	81.3158	8.0952
64	1	0.0000	IMDB-BINARY	72.7333	0.9483	70.1000	3.9862
128	1	0.0000	PROTEINS	92.7224	2.7750	70.7030	2.8557
128	1	0.0000	MUTAG	92.8486	1.8976	82.9532	8.5529
64	1	0.0000	Mutagenicity	91.4611	1.9164	79.1337	2.1296
64	1	0.0000	NCI1	96.7315	0.6242	79.5377	2.3323
128	1	0.0000	IMDB-BINARY	73.2111	0.4647	71.1000	4.3000
256	1	0.0000	PROTEINS	89.4681	2.3797	71.2476	2.6829
256	1	0.0000	MUTAG	98.1678	1.1052	81.4327	6.2347
128	1	0.0000	Mutagenicity	88.9837	3.8397	78.8795	2.1040
128	1	0.0000	NCI1	96.6531	0.5760	78.8808	2.1811
256	1	0.0000	IMDB-BINARY	73.2333	0.5499	70.7000	4.3829
512	1	0.0000	PROTEINS	86.0144	3.8537	73.1395	5.2067
512	1	0.0000	MUTAG	98.1096	0.8244	81.9006	8.5832
256	1	0.0000	NCI1	96.4098	0.4216	78.7105	1.0047
256	1	0.0000	Mutagenicity	89.7779	3.0335	78.5343	1.5071
512	1	0.0000	IMDB-BINARY	74.5333	0.9119	71.4000	4.5211
512	1	0.0000	NCI1	95.1852	0.9617	78.0779	1.3213
1024	1	0.0000	PROTEINS	85.3751	1.8563	72.3271	2.8657
512	1	0.0000	Mutagenicity	90.0239	2.5876	78.9725	1.1601
1024	1	0.0000	MUTAG	97.9314	0.6062	85.0877	5.7670
1024	1	0.0000	IMDB-BINARY	75.4556	0.9869	72.8000	4.2615
1024	1	0.0000	NCI1	90.3785	1.7238	77.0316	1.6329
1024	1	0.0000	Mutagenicity	87.7181	1.3077	78.3032	1.5414
64	1	0.5000	PROTEINS	92.9819	2.3329	70.0812	2.6656
64	1	0.5000	MUTAG	94.7964	2.3672	84.5614	6.0560
64	1	0.5000	IMDB-BINARY	73.4667	0.4439	71.4000	4.3863
128	1	0.5000	PROTEINS	93.1818	2.9318	69.8978	2.0678
128	1	0.5000	MUTAG	92.1977	0.8352	86.1696	5.3757
64	1	0.5000	NCI1	96.8829	0.6021	79.6837	1.6760
64	1	0.5000	Mutagenicity	91.8350	2.0322	79.9173	1.3650
128	1	0.5000	IMDB-BINARY	73.5111	0.7357	71.2000	3.4293
256	1	0.5000	PROTEINS	89.8574	2.4435	70.8896	2.5384
256	1	0.5000	MUTAG	97.5761	0.9702	85.6725	6.6175
128	1	0.5000	NCI1	96.4747	0.5434	78.6375	2.2637
128	1	0.5000	Mutagenicity	88.7020	3.5449	78.5796	1.6446
256	1	0.5000	IMDB-BINARY	72.9667	0.7098	70.2000	4.9356
512	1	0.5000	PROTEINS	86.0343	3.7318	73.4942	4.7056
256	1	0.5000	NCI1	96.3423	0.4271	78.5645	1.1742
512	1	0.5000	MUTAG	97.6373	1.1488	84.0351	6.7139
256	1	0.5000	Mutagenicity	88.7327	4.4324	78.8328	1.9691
512	1	0.5000	IMDB-BINARY	74.0000	0.9467	71.9000	4.1581
512	1	0.5000	NCI1	95.3285	0.7780	77.6399	1.2757
512	1	0.5000	Mutagenicity	89.8496	2.2794	78.7410	1.6147
1024	1	0.5000	PROTEINS	84.8658	1.5938	71.5138	3.3287
1024	1	0.5000	MUTAG	98.3453	0.7382	88.2749	6.7219
1024	1	0.5000	IMDB-BINARY	74.7333	1.0957	71.7000	4.4283
1024	1	0.5000	NCI1	90.4461	1.7357	77.0073	1.2840
1024	1	0.5000	Mutagenicity	87.6848	1.1069	78.3263	1.2363
64	4	0.0000	PROTEINS	95.4976	1.5091	69.2736	4.8669
64	4	0.0000	MUTAG	98.4041	0.8798	86.1988	5.8022
64	4	0.0000	IMDB-BINARY	73.0778	1.0670	69.4000	4.0050
64	4	0.0000	NCI1	97.7480	0.1558	80.1460	1.7246
64	4	0.0000	Mutagenicity	93.6490	3.3530	79.5708	1.4632
128	4	0.0000	PROTEINS	96.4560	0.8497	70.1737	1.6862
128	4	0.0000	MUTAG	95.9245	2.9923	87.7778	3.3231
128	4	0.0000	IMDB-BINARY	73.2556	0.8463	71.5000	4.6098
128	4	0.0000	NCI1	97.7724	0.1426	80.2676	1.8480
256	4	0.0000	PROTEINS	96.3261	0.5962	71.1567	2.4481
256	4	0.0000	MUTAG	98.5231	0.8849	87.7778	4.0722
128	4	0.0000	Mutagenicity	91.6329	5.2513	79.4088	2.3417
256	4	0.0000	IMDB-BINARY	72.8000	0.7232	71.4000	4.9234
256	4	0.0000	NCI1	97.8048	0.2480	80.4380	1.5701
512	4	0.0000	PROTEINS	95.2972	2.3093	71.1599	3.5649
512	4	0.0000	MUTAG	98.3456	0.8674	85.5556	7.3615
256	4	0.0000	Mutagenicity	94.2947	3.5257	79.4089	1.5333
512	4	0.0000	IMDB-BINARY	75.8889	1.7868	71.3000	3.4655
512	4	0.0000	NCI1	97.7453	0.1314	79.0024	0.8976
512	4	0.0000	Mutagenicity	94.3074	3.0682	78.8791	1.9242
1024	4	0.0000	PROTEINS	91.9828	5.0035	71.1583	2.7903
1024	4	0.0000	MUTAG	98.6408	0.5320	85.0877	5.2043
1024	4	0.0000	NCI1	97.3831	0.2946	79.4647	1.3599
1024	4	0.0000	IMDB-BINARY	76.0000	1.5971	71.9000	3.1765
1024	4	0.0000	Mutagenicity	93.7924	1.6116	78.9487	1.2767
64	4	0.5000	PROTEINS	95.1580	2.0801	69.2785	3.4427
64	4	0.5000	MUTAG	98.7595	1.0387	85.0877	6.6110
64	4	0.5000	IMDB-BINARY	72.9556	0.4532	70.1000	4.3000
64	4	0.5000	NCI1	97.6615	0.1707	80.3650	1.9221
128	4	0.5000	PROTEINS	96.7854	0.4118	69.8086	4.2637
128	4	0.5000	MUTAG	95.6272	3.1726	83.4795	6.6126
64	4	0.5000	Mutagenicity	94.1844	2.0645	79.1789	1.3341
128	4	0.5000	IMDB-BINARY	73.0222	0.8297	69.9000	2.9138
128	4	0.5000	NCI1	97.7399	0.1769	80.2676	1.9234
256	4	0.5000	PROTEINS	96.5057	1.1353	69.9912	2.6098
256	4	0.5000	MUTAG	98.3446	0.8292	84.5614	10.3954
128	4	0.5000	Mutagenicity	92.2245	4.1012	79.0864	1.8387
256	4	0.5000	IMDB-BINARY	72.5889	0.5283	71.2000	4.3081
256	4	0.5000	NCI1	97.7670	0.1135	79.3431	1.7894
512	4	0.5000	PROTEINS	95.2976	2.0751	70.1705	3.7150
512	4	0.5000	MUTAG	98.5221	0.8880	84.5322	6.1117
512	4	0.5000	NCI1	97.7291	0.1446	79.7567	2.3685
256	4	0.5000	Mutagenicity	93.9848	4.8201	78.0716	2.4584
512	4	0.5000	IMDB-BINARY	75.7667	1.6469	71.6000	3.9294
1024	4	0.5000	PROTEINS	91.7627	5.2864	70.4360	4.0616
1024	4	0.5000	MUTAG	98.4052	0.8344	85.1170	6.1201
1024	4	0.5000	NCI1	97.2885	0.2674	79.9270	2.2623
512	4	0.5000	Mutagenicity	94.7481	2.8644	78.5799	0.8779
1024	4	0.5000	IMDB-BINARY	77.1111	2.1796	70.3000	4.0262
1024	4	0.5000	Mutagenicity	93.0906	2.4629	78.2797	0.7421
64	8	0.0000	PROTEINS	94.7789	1.0732	70.4344	3.7949
64	8	0.0000	MUTAG	98.5813	0.8031	86.6959	6.7786
64	8	0.0000	IMDB-BINARY	72.9222	0.5044	70.1000	4.0608
64	8	0.0000	NCI1	97.7805	0.2586	80.2920	1.9220
128	8	0.0000	PROTEINS	96.0066	0.7962	70.0820	3.3051
128	8	0.0000	MUTAG	93.2022	2.2981	86.1696	6.3229
128	8	0.0000	IMDB-BINARY	72.9556	0.5169	70.2000	3.7895
128	8	0.0000	NCI1	97.7589	0.2514	80.4136	2.3721
64	8	0.0000	Mutagenicity	94.1535	2.7723	79.1560	1.7624
256	8	0.0000	PROTEINS	94.6490	1.4017	70.6218	3.1765
256	8	0.0000	MUTAG	98.5228	0.7111	85.1170	7.3536
256	8	0.0000	NCI1	97.7643	0.1830	79.9757	1.7137
256	8	0.0000	IMDB-BINARY	72.5111	0.6387	70.0000	4.1952
128	8	0.0000	Mutagenicity	92.7139	3.8905	79.7089	1.3269
512	8	0.0000	PROTEINS	93.6309	2.5700	69.2761	5.2537
512	8	0.0000	NCI1	97.7940	0.1672	80.1217	1.7815
512	8	0.0000	MUTAG	97.9913	0.7059	82.9532	6.6472
512	8	0.0000	IMDB-BINARY	73.9556	1.2204	72.8000	3.5440
256	8	0.0000	Mutagenicity	92.9447	5.2027	78.1414	2.2918
1024	8	0.0000	NCI1	97.6102	0.2197	79.5864	1.9048
1024	8	0.0000	PROTEINS	89.8080	3.1857	72.5973	3.0026
1024	8	0.0000	MUTAG	98.0494	0.9186	85.6433	3.3605
1024	8	0.0000	IMDB-BINARY	75.6333	1.7055	72.3000	2.9343
512	8	0.0000	Mutagenicity	94.8352	1.5982	79.3403	1.1353
64	8	0.5000	PROTEINS	95.0982	1.2750	69.8094	3.9801
64	8	0.5000	MUTAG	97.6940	2.3143	85.6140	6.5012
1024	8	0.0000	Mutagenicity	93.0239	1.9939	79.3181	1.6324
64	8	0.5000	NCI1	97.7670	0.1769	80.4136	2.0189
64	8	0.5000	IMDB-BINARY	72.7444	0.9429	69.8000	4.1905
128	8	0.5000	PROTEINS	96.0865	0.7546	69.1828	2.8387
128	8	0.5000	MUTAG	94.6794	2.9333	87.7193	4.9483
128	8	0.5000	IMDB-BINARY	72.8556	0.8492	69.8000	4.2143
128	8	0.5000	NCI1	97.7643	0.2066	80.6813	2.0363
256	8	0.5000	PROTEINS	93.3817	4.8809	71.8782	3.1887
256	8	0.5000	MUTAG	97.6958	1.4345	87.2515	5.3265
64	8	0.5000	Mutagenicity	94.9197	2.1274	80.3553	1.0411
256	8	0.5000	IMDB-BINARY	72.6444	0.8647	70.5000	4.0311
256	8	0.5000	NCI1	97.8264	0.1769	80.3163	1.9295
512	8	0.5000	PROTEINS	93.6508	2.1614	70.0820	3.9098
512	8	0.5000	MUTAG	98.5228	0.8460	87.2515	5.3265
512	8	0.5000	NCI1	97.7940	0.2728	79.2214	2.1930
512	8	0.5000	IMDB-BINARY	73.2778	0.6908	71.1000	3.7802
64	1	0.0000	IMDB-MULTI	51.2296	0.8395	48.3333	4.3538
128	1	0.0000	IMDB-MULTI	51.8148	1.1853	48.2000	3.6154
128	8	0.5000	Mutagenicity	91.9710	4.9523	79.2011	2.2570
256	1	0.0000	IMDB-MULTI	52.9333	1.1210	47.7333	2.2745
1024	8	0.5000	PROTEINS	90.8262	2.9783	72.8628	4.4436
1024	8	0.5000	NCI1	97.5777	0.1818	79.3674	1.7369
1024	8	0.5000	MUTAG	98.1086	0.6898	84.5614	6.4973
512	1	0.0000	IMDB-MULTI	52.3556	1.0047	49.0000	3.1163
1024	1	0.0000	IMDB-MULTI	50.5852	0.9835	47.4000	4.0161
1024	8	0.5000	IMDB-BINARY	74.8222	1.1917	71.4000	4.6303
64	1	0.5000	IMDB-MULTI	50.5481	1.1699	47.3333	3.0111
256	8	0.5000	Mutagenicity	94.6174	2.3931	79.5706	1.5608
128	1	0.5000	IMDB-MULTI	51.7407	1.1680	48.2000	3.1559
256	1	0.5000	IMDB-MULTI	52.3185	1.0755	48.2667	3.2551
512	1	0.5000	IMDB-MULTI	51.8222	1.3667	48.0667	4.0491
1024	1	0.5000	IMDB-MULTI	50.9185	1.0581	48.6000	3.1616
512	8	0.5000	Mutagenicity	95.2195	1.4619	78.6717	1.0350
64	4	0.0000	IMDB-MULTI	51.0519	1.1805	48.2667	4.0464
128	4	0.0000	IMDB-MULTI	51.5481	0.9314	48.3333	4.0249
1024	8	0.5000	Mutagenicity	92.4781	2.1559	79.0177	2.2533
256	4	0.0000	IMDB-MULTI	53.8296	1.4553	48.6000	3.1475
512	4	0.0000	IMDB-MULTI	53.2963	0.9482	47.8000	3.2938
1024	4	0.0000	IMDB-MULTI	51.2889	1.0435	48.1333	3.5628
64	4	0.5000	IMDB-MULTI	51.3111	1.1595	48.2000	3.0558
128	4	0.5000	IMDB-MULTI	52.2148	1.5052	48.0000	2.8906
256	4	0.5000	IMDB-MULTI	53.0296	1.2006	49.1333	3.3869
512	4	0.5000	IMDB-MULTI	52.9852	1.8205	46.8000	3.5125
1024	4	0.5000	IMDB-MULTI	51.0222	0.9909	49.6000	4.0683
64	8	0.0000	IMDB-MULTI	50.1481	1.3638	47.9333	2.7236
128	8	0.0000	IMDB-MULTI	51.6444	0.7034	48.4667	3.2118
256	8	0.0000	IMDB-MULTI	53.1704	1.2982	47.7333	3.3757
512	8	0.0000	IMDB-MULTI	52.7333	0.8285	48.8667	2.8914
1024	8	0.0000	IMDB-MULTI	50.9111	0.8639	48.4667	3.5409
64	8	0.5000	IMDB-MULTI	50.7704	0.9642	48.2667	2.9695
128	8	0.5000	IMDB-MULTI	50.9778	1.1860	47.3333	1.8379
256	8	0.5000	IMDB-MULTI	52.7111	0.6974	49.0667	3.4280
512	8	0.5000	IMDB-MULTI	52.3185	1.0323	48.4000	3.2277
1024	8	0.5000	IMDB-MULTI	50.6444	1.1278	48.9333	2.1124
64	1	0.0000	IMDB-MULTI	50.8963	0.7374	48.5333	3.6733
128	1	0.0000	IMDB-MULTI	51.6667	1.0044	48.7333	4.1360
256	1	0.0000	IMDB-MULTI	52.9481	0.8425	47.6000	3.1013
512	1	0.0000	IMDB-MULTI	52.3630	1.0330	47.8000	4.0337
1024	1	0.0000	IMDB-MULTI	50.7852	0.7372	48.7333	2.6068
64	1	0.5000	IMDB-MULTI	50.7926	1.1385	47.4000	4.2106
128	1	0.5000	IMDB-MULTI	51.0963	1.2613	48.6000	3.8000
256	1	0.5000	IMDB-MULTI	53.1185	0.9644	48.8667	3.1700
512	1	0.5000	IMDB-MULTI	52.0148	0.8154	47.5333	4.2169
1024	1	0.5000	IMDB-MULTI	50.8148	0.5757	49.2000	3.5125
64	4	0.0000	IMDB-MULTI	50.9037	1.0364	46.9333	2.8628
128	4	0.0000	IMDB-MULTI	51.6889	0.9497	47.3333	4.1740
256	4	0.0000	IMDB-MULTI	52.9111	0.9341	47.4667	3.3572
512	4	0.0000	IMDB-MULTI	53.2741	1.7516	48.5333	3.1805
1024	4	0.0000	IMDB-MULTI	50.7407	0.6988	48.5333	3.4871
64	4	0.5000	IMDB-MULTI	51.0444	1.1123	47.4667	3.3307
128	4	0.5000	IMDB-MULTI	51.3407	0.7912	47.8000	2.9970
256	4	0.5000	IMDB-MULTI	53.0815	1.3579	47.8000	3.0118
512	4	0.5000	IMDB-MULTI	53.0667	1.3301	48.4667	3.1840
1024	4	0.5000	IMDB-MULTI	51.6815	1.3870	48.6667	3.4769
64	8	0.0000	IMDB-MULTI	50.8000	1.4382	48.2000	4.0667
128	8	0.0000	IMDB-MULTI	51.6222	1.1677	47.7333	2.9394
256	8	0.0000	IMDB-MULTI	53.4593	0.6415	48.8667	3.4000
512	8	0.0000	IMDB-MULTI	52.2519	0.7044	49.1333	3.0558
1024	8	0.0000	IMDB-MULTI	51.2074	1.1317	48.4667	3.3206
64	8	0.5000	IMDB-MULTI	51.0963	0.7188	47.0667	2.2549
128	8	0.5000	IMDB-MULTI	51.4222	0.7494	48.1333	3.0081
256	8	0.5000	IMDB-MULTI	53.3778	0.8797	48.3333	3.2421
512	8	0.5000	IMDB-MULTI	52.7778	1.0377	49.2667	3.0616
1024	8	0.5000	IMDB-MULTI	51.2741	0.9316	48.7333	3.7411
64	1	0.5000	IMDB-MULTI	48.3630	4.3638	45.9333	3.9265
64	1	0.5000	IMDB-BINARY	64.4667	9.8580	64.8000	9.9177
64	1	0.5000	NCI1	92.5385	1.1355	75.8394	1.6964
64	1	0.5000	Mutagenicity	84.7743	3.2831	76.8966	2.3134
64	1	0.5000	MUTAG	94.3843	2.0726	84.0351	4.1685
64	1	0.5000	PROTEINS	80.9528	2.4769	74.7587	4.4182



64	1	0.5000	IMDB-MULTI	49.8519	0.9855	47.9333	3.5333
64	1	0.5000	IMDB-BINARY	72.4111	0.5880	71.0000	4.6476
64	1	0.5000	NCI1	91.9438	0.8566	77.0073	1.0620
64	1	0.5000	Mutagenicity	83.8980	3.5710	76.7356	2.1686
64	1	0.5000	MUTAG	94.2656	1.6772	86.6667	5.5466
64	1	0.5000	PROTEINS	80.2639	2.4323	75.6556	4.3053
64	1	0.5000	DD	97.7457	0.4334	77.9241	3.9858
128	1	0.5000	IMDB-MULTI	50.1926	0.4803	48.1333	3.7924
128	1	0.5000	IMDB-BINARY	72.3444	0.8498	71.7000	4.2438
128	1	0.5000	NCI1	90.9084	0.9593	77.2263	1.2792
128	1	0.5000	Mutagenicity	82.2355	3.4579	76.6435	1.9344
128	1	0.5000	MUTAG	92.3766	2.0706	87.7193	4.9483
128	1	0.5000	PROTEINS	82.2304	1.1771	74.6670	3.9903
128	1	0.5000	DD	96.2553	0.9267	77.6735	4.2759
256	1	0.5000	IMDB-MULTI	49.9259	0.6525	47.4000	3.3658
256	1	0.5000	IMDB-BINARY	71.2444	1.8195	69.9000	2.7000
256	1	0.5000	NCI1	88.0914	1.3723	75.7908	2.2227
256	1	0.5000	Mutagenicity	82.0307	3.3043	76.3202	1.6149
256	1	0.5000	MUTAG	94.3822	2.5035	85.0585	5.3317
256	1	0.5000	PROTEINS	80.3338	1.1390	74.3999	4.1757
256	1	0.5000	DD	85.4265	3.8597	78.0139	3.7619
64	1	0.5000	IMDB-MULTI	49.2148	4.1413	47.2000	4.5196
64	1	0.5000	IMDB-BINARY	73.3444	0.6314	70.7000	3.4073
64	1	0.5000	NCI1	92.6548	2.8644	77.3723	1.6680
64	1	0.5000	Mutagenicity	88.7862	2.1019	78.0736	1.7340
64	1	0.5000	MUTAG	93.8542	1.7563	84.5906	5.9466
64	1	0.5000	PROTEINS	81.9707	2.0925	74.9332	2.9000
64	1	0.5000	DD	95.1045	1.2496	77.3280	4.0227
128	1	0.5000	IMDB-MULTI	50.8444	0.8703	47.9333	3.4827
128	1	0.5000	IMDB-BINARY	73.7556	0.7350	70.4000	4.3863
128	1	0.5000	NCI1	93.1198	2.8527	77.3479	2.8069
128	1	0.5000	Mutagenicity	87.3902	3.2252	77.7494	2.0063
128	1	0.5000	MUTAG	93.0261	1.4680	85.1170	3.9108
128	1	0.5000	PROTEINS	83.5076	2.8659	73.8530	2.0082
128	1	0.5000	DD	85.0872	2.6342	77.2461	3.7750
256	1	0.5000	IMDB-MULTI	52.0741	1.0392	48.7333	2.8040
256	1	0.5000	IMDB-BINARY	72.9556	0.3725	70.7000	3.6892
256	1	0.5000	NCI1	91.2382	2.6826	77.2993	2.0212
256	1	0.5000	Mutagenicity	87.2160	2.4735	78.4645	2.3087
256	1	0.5000	MUTAG	96.9266	1.2069	81.3450	7.6313
256	1	0.5000	PROTEINS	81.2919	2.1595	75.9210	3.4201
256	1	0.5000	DD	81.5979	1.1649	78.1863	2.8499
64	4	0.5000	IMDB-MULTI	50.9926	1.5693	48.6000	3.8349
64	4	0.5000	IMDB-BINARY	73.4778	1.0670	70.5000	4.4102
64	4	0.5000	NCI1	97.6940	0.1325	80.2920	1.0661
64	4	0.5000	Mutagenicity	91.2970	3.4781	80.3087	1.7587
64	4	0.5000	MUTAG	98.2854	1.0409	87.7193	4.9483
64	4	0.5000	PROTEINS	96.5359	0.2483	69.1795	2.7000
64	4	0.5000	DD	98.0004	0.3672	78.6100	3.1977
128	4	0.5000	IMDB-MULTI	51.0222	1.1541	48.2000	3.9107
128	4	0.5000	IMDB-BINARY	73.1667	0.5779	70.7000	4.6487
128	4	0.5000	NCI1	97.6453	0.1338	79.7810	1.5212
128	4	0.5000	Mutagenicity	87.8923	5.5067	78.2568	1.3721
128	4	0.5000	MUTAG	95.5687	3.0823	85.6140	6.7756
128	4	0.5000	PROTEINS	96.1366	0.6856	69.5343	4.8651
128	4	0.5000	DD	97.7268	0.2813	78.1783	3.0293
256	4	0.5000	IMDB-MULTI	50.6296	1.2064	47.8000	3.4390
256	4	0.5000	IMDB-BINARY	73.0444	0.6070	69.8000	5.2498
256	4	0.5000	NCI1	97.6237	0.1212	78.8808	1.7403
256	4	0.5000	Mutagenicity	88.5916	4.5723	78.4183	2.0149
256	4	0.5000	MUTAG	97.8716	2.7274	86.6374	7.4157
256	4	0.5000	PROTEINS	93.3217	2.3203	70.5277	5.4108
256	4	0.5000	DD	94.0102	4.2791	77.5902	3.4295
64	4	0.5000	IMDB-MULTI	50.7556	0.7689	48.8667	3.2118
64	4	0.5000	IMDB-BINARY	73.4889	0.9496	70.8000	4.0694
64	4	0.5000	NCI1	97.6264	0.2891	79.9270	1.5359
64	4	0.5000	Mutagenicity	94.8147	1.9969	78.9489	1.4341
64	4	0.5000	MUTAG	97.9297	2.2026	84.0351	7.1146
64	4	0.5000	PROTEINS	89.5491	6.7950	72.6866	3.7587
64	4	0.5000	DD	95.8217	1.6258	76.5667	3.0213
128	4	0.5000	IMDB-MULTI	50.8519	0.9247	47.7333	4.1761
128	4	0.5000	IMDB-BINARY	73.1778	0.9522	70.6000	4.3863
128	4	0.5000	NCI1	97.5966	0.2346	79.2214	1.7518
128	4	0.5000	Mutagenicity	91.5509	4.3844	79.1792	2.1507
128	4	0.5000	MUTAG	95.7424	2.3060	82.9532	5.7537
128	4	0.5000	PROTEINS	93.3319	4.2114	70.9669	4.6910
128	4	0.5000	DD	88.6436	3.1279	76.4870	3.9487
256	4	0.5000	IMDB-MULTI	52.2815	1.2683	48.8000	2.9029
256	4	0.5000	IMDB-BINARY	72.6889	0.5461	71.3000	4.6915
256	4	0.5000	NCI1	97.7534	0.1611	79.4647	2.0536
256	4	0.5000	Mutagenicity	91.5253	5.5202	78.3257	2.5990
256	4	0.5000	MUTAG	98.1674	1.1371	83.4503	7.4020
256	4	0.5000	PROTEINS	91.1657	5.8674	72.5056	3.2600
256	4	0.5000	DD	83.2766	1.9036	77.4221	2.6923
64	8	0.5000	IMDB-MULTI	50.6815	1.2265	47.7333	4.1655
64	8	0.5000	IMDB-BINARY	73.4556	0.6875	70.4000	5.4626
64	8	0.5000	NCI1	97.6913	0.2416	80.3406	1.6815
64	8	0.5000	Mutagenicity	92.7214	3.2840	80.0322	1.3540
64	8	0.5000	MUTAG	97.8124	1.9993	84.5322	3.8977
64	8	0.5000	PROTEINS	96.9452	0.3714	71.3312	4.0713
64	8	0.5000	DD	97.9344	0.3805	77.9270	2.1630
128	8	0.5000	IMDB-MULTI	51.0667	0.9470	48.2667	4.3635
128	8	0.5000	IMDB-BINARY	72.8667	0.4240	71.0000	4.6043
128	8	0.5000	NCI1	97.7210	0.1604	80.0487	1.6176
128	8	0.5000	Mutagenicity	88.6201	5.2385	78.5323	1.9067
128	8	0.5000	MUTAG	97.6345	2.4547	86.6667	7.2750
128	8	0.5000	PROTEINS	96.8153	0.6133	70.3507	3.7434
128	8	0.5000	DD	97.7646	0.3502	77.7546	3.8249
256	8	0.5000	IMDB-MULTI	50.9556	1.0457	47.6000	3.3092
256	8	0.5000	IMDB-BINARY	72.7000	0.6593	70.2000	4.6433
256	8	0.5000	NCI1	97.6696	0.1666	80.3406	1.2957
256	8	0.5000	Mutagenicity	90.8898	4.1705	78.5331	1.9267
256	8	0.5000	MUTAG	97.6982	2.2531	87.2222	3.5477
256	8	0.5000	PROTEINS	95.9670	1.2740	68.5417	4.3548
256	8	0.5000	DD	97.3212	0.4410	75.8866	4.1325
64	8	0.5000	IMDB-MULTI	50.3704	1.0312	47.8000	3.5157
64	8	0.5000	IMDB-BINARY	73.2000	1.1619	70.6000	4.5431
64	8	0.5000	NCI1	97.6669	0.1553	79.7810	1.8287
64	8	0.5000	Mutagenicity	93.3673	3.5632	78.8101	1.3357
64	8	0.5000	MUTAG	97.7529	2.4518	87.1930	7.0136
64	8	0.5000	PROTEINS	89.7065	4.4831	72.4139	3.3685
64	4	none	IMDB-MULTI	49.4815	1.1773	48.1333	4.0857
64	4	none	IMDB-BINARY	74.1111	1.2019	70.7000	3.4366
64	4	none	NCI1	97.5345	0.1895	79.0998	1.3996
64	4	none	Mutagenicity	89.2320	3.5511	79.4787	1.6480
64	4	none	IMDB-MULTI	49.7704	1.0798	46.4667	3.5283
pos	64	4	none	IMDB-BINARY	73.6111	1.0637	69.8000	5.0160
none	512	4	none	IMDB-MULTI	49.9704	0.9481	48.1333	4.2771
none	512	4	none	IMDB-BINARY	72.6667	0.7997	71.0000	4.3359
none	512	4	none	NCI1	97.4020	0.3712	79.0754	1.6176
pos	64	4	none	NCI1	97.4777	0.2789	79.1727	1.6509
none	512	4	none	Mutagenicity	87.9871	3.8059	78.8561	2.2273
none	512	4	none	MUTAG	95.5078	3.2952	85.6140	3.5591
none	512	4	none	PROTEINS	83.4572	5.0295	74.3002	3.6461
none	512	4	none	DD	89.2375	5.2544	78.6948	3.4149
pos	64	4	none	Mutagenicity	89.7548	4.3109	78.5794	1.3349
pos	64	4	none	MUTAG	97.5176	1.7712	88.1871	7.3510
none	256	4	none	IMDB-MULTI	51.0222	1.8044	48.0667	4.0928
none	256	4	none	IMDB-BINARY	72.3667	0.8550	69.9000	4.5486
pos	64	4	none	PROTEINS	89.7361	7.3499	72.0520	4.6275
none	256	4	none	NCI1	97.5885	0.2375	79.4404	1.2371
pos	64	4	none	DD	97.7363	0.5706	77.3359	2.7667
pos	128	4	none	IMDB-MULTI	49.4222	1.2936	47.6000	2.7195
pos	128	4	none	IMDB-BINARY	73.3667	0.4970	69.9000	4.1097
none	256	4	none	Mutagenicity	86.8140	6.2258	78.4642	2.3028
none	256	4	none	MUTAG	98.1079	1.6276	87.7485	5.3413
none	256	4	none	PROTEINS	90.8270	6.4055	72.0648	3.9979
none	256	4	none	DD	90.6544	7.3769	78.4391	3.9424
pos	128	4	none	NCI1	97.4344	0.2664	80.1460	1.3858
none	128	4	none	IMDB-MULTI	50.8370	1.2355	47.3333	2.8906
none	128	4	none	IMDB-BINARY	72.9889	0.6749	71.3000	5.0210
pos	128	4	none	Mutagenicity	85.6275	5.1436	78.3252	2.1647
pos	128	4	none	MUTAG	94.2680	2.9796	87.7485	3.4509
none	128	4	none	NCI1	97.5615	0.2296	79.5864	0.8103
pos	128	4	none	PROTEINS	87.8210	6.2609	71.3393	3.7498
pos	128	4	none	DD	89.6903	5.7227	78.1008	3.9697
pos	256	4	none	IMDB-MULTI	49.8815	0.9055	47.9333	3.7883
pos	256	4	none	IMDB-BINARY	72.9556	0.9084	69.7000	2.8653
none	128	4	none	Mutagenicity	86.3934	4.6944	78.0259	1.6294
none	128	4	none	MUTAG	95.5667	2.6606	87.7193	4.2794
none	128	4	none	PROTEINS	91.7743	6.1145	69.6372	3.9353
pos	256	4	none	NCI1	97.3074	0.2548	78.5645	1.1487
none	128	4	none	DD	97.8400	0.1859	77.5011	3.4109
none	64	4	none	IMDB-MULTI	50.2370	1.6783	47.4667	3.1383
none	64	4	none	IMDB-BINARY	73.0000	0.6146	71.6000	3.6111
pos	256	4	none	Mutagenicity	86.5526	4.4106	78.2799	2.0732
pos	256	4	none	MUTAG	94.3822	3.7092	85.0585	4.7840
pos	256	4	none	PROTEINS	84.1771	3.4423	74.4868	2.7555
pos	256	4	none	DD	82.4091	1.6104	76.3183	4.6731
none	64	4	none	NCI1	97.5074	0.3253	79.6107	1.1959
pos	64	4	relu	IMDB-MULTI	50.8815	1.2781	48.6000	2.4667
pos	64	4	relu	IMDB-BINARY	75.1333	2.5165	70.8000	3.7363
pos	256	4	none	NCI1	95.3825	0.5053	79.4161	2.2011
pos	256	4	none	NCI1	97.7102	0.1040	80.5596	1.4080
pos	256	4	none	NCI1	98.0481	0.2225	82.6521	1.7947
none	64	4	none	Mutagenicity	92.3449	2.6900	79.4566	1.4447
0.0000	256	1	none	IMDB-MULTI	51.8889	1.2303	47.7333	4.5724
0.0000	64	4	none	MUTAG	98.8180	0.2646	87.1930	4.3543

0.0000	512	1	none	IMDB-MULTI	52.1481	2.2291	48.1333	4.0420
0.0000	256	1	none	IMDB-MULTI	52.9556	2.8104	48.6667	3.9889
0.0000	512	1	none	IMDB-MULTI	52.3926	2.3028	48.5333	2.5785
0.0000	256	1	none	IMDB-BINARY	74.1556	1.0174	70.5000	3.6946
0.0000	512	1	none	IMDB-BINARY	76.8667	2.3569	70.8000	5.1923
0.0000	256	1	none	NCI1	98.0238	0.1951	82.3601	2.0101
0.0000	512	1	none	NCI1	97.8994	0.2838	81.8735	1.9197
0.0000	128	1	none	IMDB-MULTI	56.3333	3.5135	48.0000	4.4920
0.0000	128	1	none	IMDB-BINARY	76.3222	2.5855	72.4000	3.5270
0.0000	256	1	none	Mutagenicity	97.0436	0.9987	81.4628	2.0922
0.0000	256	1	none	MUTAG	98.8771	0.5581	89.8246	6.2065
0.0000	512	1	none	Mutagenicity	97.7096	0.3270	81.7389	2.1089
0.0000	512	1	none	MUTAG	98.9363	0.5155	88.2456	5.3690
0.0000	256	1	none	PROTEINS	96.0061	2.3097	70.8848	4.4881
0.0000	512	1	none	PROTEINS	91.9138	6.9190	71.2476	3.5515
0.0000	128	1	none	NCI1	97.9373	0.2122	82.2871	1.9121
0.0000	256	1	none	DD	97.4817	0.4238	75.2941	3.8386
0.0000	512	1	none	DD	97.5760	0.4001	76.4030	3.6611
0.0000	256	4	none	IMDB-MULTI	54.9704	3.1911	49.2000	3.6490
0.0000	512	4	none	IMDB-MULTI	51.7333	2.0510	48.4667	4.8721
0.0000	256	4	none	IMDB-BINARY	73.7444	0.5444	72.0000	2.6833
0.0000	512	4	none	IMDB-BINARY	75.8222	2.9561	71.9000	3.2696
0.0000	128	1	none	Mutagenicity	95.8625	1.4576	81.6696	2.1579
0.0000	256	4	none	NCI1	98.1238	0.2143	82.8710	2.0040
0.0000	512	4	none	NCI1	98.0427	0.2060	82.0438	1.7437
0.0000	256	1	none	IMDB-MULTI	53.2667	3.0467	49.6667	3.5684
0.0000	128	1	none	IMDB-MULTI	56.0593	3.2434	49.4667	3.6612
0.0000	256	1	none	IMDB-BINARY	74.3444	0.6947	71.1000	3.9611
0.0000	128	1	none	IMDB-BINARY	75.6000	1.8420	71.5000	3.1702
0.0000	512	1	none	NCI1	97.8373	0.2430	82.6034	1.7954
0.0000	256	1	none	NCI1	97.9454	0.1814	82.3844	1.7177
0.0000	128	1	none	NCI1	97.9941	0.1967	81.8735	2.2883
0.0000	512	1	none	Mutagenicity	97.4688	0.6354	81.4392	2.2414
0.0000	512	1	none	MUTAG	98.9360	0.6902	87.7193	5.9638
0.0000	512	1	none	PROTEINS	91.0249	7.8396	72.3343	3.8506
0.0000	256	1	none	Mutagenicity	97.1896	0.8105	81.6463	2.4401
0.0000	256	1	none	MUTAG	98.8180	0.5293	89.8538	3.8393
0.0000	512	1	none	DD	97.6703	0.3449	74.0214	4.2954
0.0000	128	1	none	Mutagenicity	96.2237	1.1885	81.4159	2.4515
0.0000	128	1	none	MUTAG	97.2203	2.3833	87.7485	6.2936
0.0000	512	1	none	IMDB-MULTI	50.6519	2.6691	46.8000	3.0667
0.0000	256	1	none	PROTEINS	93.1807	7.6627	70.7979	5.3129
0.0000	512	1	none	IMDB-BINARY	76.5000	1.5326	70.7000	3.8484
0.0000	256	1	none	DD	97.7646	0.2768	74.7016	2.9420
0.0000	128	1	none	PROTEINS	96.8053	0.4961	71.2468	5.2387
0.0000	256	2	none	IMDB-MULTI	54.8963	2.9538	48.4667	4.0006
0.0000	256	2	none	IMDB-BINARY	74.0667	0.8667	72.5000	3.9812
0.0000	128	1	none	DD	97.6608	0.3748	75.5512	4.5696
0.0000	128	2	none	IMDB-MULTI	55.3926	2.6203	48.9333	3.7500
0.0000	512	2	none	NCI1	98.0265	0.2786	82.1411	1.8214
0.0000	128	2	none	IMDB-BINARY	75.4778	2.0050	72.1000	4.6787
0.0000	256	2	none	NCI1	98.0833	0.1463	82.0438	2.1345
0.0000	512	2	none	Mutagenicity	97.8352	0.3605	81.9926	1.8203
0.0000	512	2	none	MUTAG	98.8771	0.6176	87.7193	6.8298
0.0000	128	2	none	NCI1	98.0589	0.2051	82.5304	2.2689
0.0000	512	2	none	PROTEINS	94.7594	5.5591	69.2761	4.2436
0.0000	256	2	none	Mutagenicity	97.5251	0.4838	81.5551	2.2385
0.0000	128	2	none	Mutagenicity	96.1341	1.4707	81.9925	2.6223
0.0000	128	2	none	MUTAG	97.1020	2.4184	89.2982	6.8501
0.0000	256	4	none	IMDB-MULTI	57.0222	3.1176	48.4000	4.0244